Handle,Title,Body (HTML),Vendor,Type,Tags,Published,Option1 Name,Option1 Value,Variant SKU,Variant Inventory Tracker,Variant Inventory Qty,Variant Inventory Policy,Variant Fulfillment Service,Variant Price,Variant Compare At Price,Variant Requires Shipping,Variant Taxable,Image Src,Image Position,Image Alt Text,Variant Image,Status
anfora-n-2,ANFORA N.2,"<p>Amphora No. 2 is compact in proportion and resolved in every line. Handcrafted in Tuscany, its rounded body and symmetrical handles give it a clarity that feels equally at home standing alone or in dialogue with other objects. In the matte Cielo finish, the surface moves between grey and the muted b</p>",Studio Bojola,ceramic,new,TRUE,Color,Cielo,SB-ANFORA-N-CIE,shopify,12,deny,manual,524.59,,TRUE,TRUE,,,,https://cdn.shopify.com/s/files/1/0756/3359/0596/files/stillanforaazzurra.jpg?v=1782908025,active
anfora-n-2,,,,,,,Color,Verde,SB-ANFORA-N-VER,shopify,12,deny,manual,524.59,,TRUE,TRUE,,,,https://cdn.shopify.com/s/files/1/0756/3359/0596/files/stillanforaverde.jpg?v=1782908119,
anfora-n-2,,,,,,,,,,,,,,,,,,https://cdn.shopify.com/s/files/1/0756/3359/0596/files/stillanforaazzurra.jpg?v=1782908025,1,ANFORA N.2 — Cielo,,
anfora-n-2,,,,,,,,,,,,,,,,,,https://cdn.shopify.com/s/files/1/0756/3359/0596/files/L1010392.jpg?v=1782908026,2,ANFORA N.2 — Cielo,,
anfora-n-2,,,,,,,,,,,,,,,,,,https://cdn.shopify.com/s/files/1/0756/3359/0596/files/stillanforaverde.jpg?v=1782908119,3,ANFORA N.2 — Verde,,
anfora-n-2,,,,,,,,,,,,,,,,,,https://cdn.shopify.com/s/files/1/0756/3359/0596/files/L10107191copia2.jpg?v=1782908119,4,ANFORA N.2 — Verde,,
cefalu-crystal-vase,Cefalù Crystal Vase,"<p>Captured Sicilian light. The Cefalù in Amber holds the quality of afternoon sun through honey warm, golden, and undeniably Mediterranean. Named for the ancient clifftop town on the Sicilian coast, this crystal vase translates that particular atmosphere into glass: the amber colour is embedded in the</p>",Studio Bojola,crystal vase,"Amber, crystal, vases, hot",TRUE,Color,Amber,SB-CEFALU-C-AMB,shopify,12,deny,manual,696.72,870.90,TRUE,TRUE,,,,https://cdn.shopify.com/s/files/1/0756/3359/0596/files/CaptureOneCatalog0098.jpg?v=1741359039,active
cefalu-crystal-vase,,,,,,,Color,Clear,SB-CEFALU-C-CLE,shopify,12,deny,manual,696.72,870.90,TRUE,TRUE,,,,https://cdn.shopify.com/s/files/1/0756/3359/0596/files/CaptureOneCatalog0082.jpg?v=1741358642,
cefalu-crystal-vase,,,,,,,Color,Cobalt,SB-CEFALU-C-COB,shopify,12,deny,manual,696.72,870.90,TRUE,TRUE,,,,https://cdn.shopify.com/s/files/1/0756/3359/0596/files/CaptureOneCatalog0544.jpg?v=1764851521,
cefalu-crystal-vase,,,,,,,Color,Pink,SB-CEFALU-C-PIN,shopify,12,deny,manual,696.72,870.90,TRUE,TRUE,,,,https://cdn.shopify.com/s/files/1/0756/3359/0596/files/cefalupink_3110e554-6290-42db-bb1c-5c5e18d6bf65.jpg?v=1741382476,
cefalu-crystal-vase,,,,,,,Color,Yellow,SB-CEFALU-C-YEL,shopify,12,deny,manual,696.72,870.90,TRUE,TRUE,,,,https://cdn.shopify.com/s/files/1/0756/3359/0596/files/CaptureOneCatalog0091.jpg?v=1741358784,
cefalu-crystal-vase,,,,,,,,,,,,,,,,,,https://cdn.shopify.com/s/files/1/0756/3359/0596/files/CaptureOneCatalog0098.jpg?v=1741359039,1,Cefalù Crystal Vase — Amber,,
cefalu-crystal-vase,,,,,,,,,,,,,,,,,,https://cdn.shopify.com/s/files/1/0756/3359/0596/files/giusta6.jpg?v=1741359038,2,Cefalù Crystal Vase — Amber,,
cefalu-crystal-vase,,,,,,,,,,,,,,,,,,https://cdn.shopify.com/s/files/1/0756/3359/0596/files/CaptureOneCatalog0082.jpg?v=1741358642,3,Cefalù Crystal Vase — Clear,,
cefalu-crystal-vase,,,,,,,,,,,,,,,,,,https://cdn.shopify.com/s/files/1/0756/3359/0596/files/L1060636.jpg?v=1741358641,4,Cefalù Crystal Vase — Clear,,
cefalu-crystal-vase,,,,,,,,,,,,,,,,,,https://cdn.shopify.com/s/files/1/0756/3359/0596/files/CaptureOneCatalog0544.jpg?v=1764851521,5,Cefalù Crystal Vase — Cobalt,,
cefalu-crystal-vase,,,,,,,,,,,,,,,,,,https://cdn.shopify.com/s/files/1/0756/3359/0596/files/CaptureOneCatalog0546.jpg?v=1764851521,6,Cefalù Crystal Vase — Cobalt,,
cefalu-crystal-vase,,,,,,,,,,,,,,,,,,https://cdn.shopify.com/s/files/1/0756/3359/0596/files/cefalupink_3110e554-6290-42db-bb1c-5c5e18d6bf65.jpg?v=1741382476,7,Cefalù Crystal Vase — Pink,,
cefalu-crystal-vase,,,,,,,,,,,,,,,,,,https://cdn.shopify.com/s/files/1/0756/3359/0596/files/L1060507.jpg?v=1741382476,8,Cefalù Crystal Vase — Pink,,
cefalu-crystal-vase,,,,,,,,,,,,,,,,,,https://cdn.shopify.com/s/files/1/0756/3359/0596/files/CaptureOneCatalog0091.jpg?v=1741358784,9,Cefalù Crystal Vase — Yellow,,
cefalu-crystal-vase,,,,,,,,,,,,,,,,,,https://cdn.shopify.com/s/files/1/0756/3359/0596/files/groupageyellowandgrey.jpg?v=1741603198,10,Cefalù Crystal Vase — Yellow,,
grecale-hand-engraved-crystal-carafe,Grecale Hand-Engraved Crystal Carafe,"<p>Golden at the table. The Grecale Crystal Carafe in amber brings the warmth of golden glass to the centre of the table a vessel that makes even still water look like something worth pausing for. Hand-engraved in Italy, the amber colour responds to candlelight and natural light in entirely different w</p>",Studio Bojola,barware,"Amber, bottle, crystal, hot",TRUE,Color,Amber,SB-GRECALE--AMB,shopify,12,deny,manual,500.00,,TRUE,TRUE,,,,https://cdn.shopify.com/s/files/1/0756/3359/0596/files/CaptureOneCatalog0211.jpg?v=1741605059,active
grecale-hand-engraved-crystal-carafe,,,,,,,Color,Clear,SB-GRECALE--CLE,shopify,12,deny,manual,500.00,,TRUE,TRUE,,,,https://cdn.shopify.com/s/files/1/0756/3359/0596/files/nuova_1ca836d8-82f3-48b4-bf8d-3bdcd684d390.jpg?v=1749820947,
grecale-hand-engraved-crystal-carafe,,,,,,,,,,,,,,,,,,https://cdn.shopify.com/s/files/1/0756/3359/0596/files/CaptureOneCatalog0211.jpg?v=1741605059,1,Grecale Hand-Engraved Crystal Carafe — Amber,,
grecale-hand-engraved-crystal-carafe,,,,,,,,,,,,,,,,,,https://cdn.shopify.com/s/files/1/0756/3359/0596/files/StudioBojola_Deangelis_26_35c314c2-08d2-437f-b32a-5ae2c55d13ac.jpg?v=1773419149,2,Grecale Hand-Engraved Crystal Carafe — Amber,,
grecale-hand-engraved-crystal-carafe,,,,,,,,,,,,,,,,,,https://cdn.shopify.com/s/files/1/0756/3359/0596/files/nuova_1ca836d8-82f3-48b4-bf8d-3bdcd684d390.jpg?v=1749820947,3,Grecale Hand-Engraved Crystal Carafe — Clear,,
grecale-hand-engraved-crystal-carafe,,,,,,,,,,,,,,,,,,https://cdn.shopify.com/s/files/1/0756/3359/0596/files/StudioBojola_Deangelis_28.jpg?v=1753260288,4,Grecale Hand-Engraved Crystal Carafe — Clear,,
asinara-handmade-crystal-vase,Asinara Handmade Crystal Vase,"<p>The green of Sardinian waters. The Asinara takes its name from an island of unusual natural beauty off the northern coast of Sardinia protected, untouched, vivid. In deep botanical green, this crystal vase captures that particular quality of light on water: cool and clear on the surface, dense and l</p>",Studio Bojola,crystal vase,"crystal, Green, vases, new",TRUE,Color,Green,SB-ASINARA--GRE,shopify,12,deny,manual,446.72,,TRUE,TRUE,,,,https://cdn.shopify.com/s/files/1/0756/3359/0596/files/CaptureOneCatalog0101.jpg?v=1741359129,active
asinara-handmade-crystal-vase,,,,,,,Color,Pink,SB-ASINARA--PIN,shopify,12,deny,manual,446.72,,TRUE,TRUE,,,,https://cdn.shopify.com/s/files/1/0756/3359/0596/files/asinarapink_3b881e08-23ab-4113-8342-b981d407fe67.jpg?v=1741381813,
asinara-handmade-crystal-vase,,,,,,,,,,,,,,,,,,https://cdn.shopify.com/s/files/1/0756/3359/0596/files/CaptureOneCatalog0101.jpg?v=1741359129,1,Asinara Handmade Crystal Vase — Green,,
asinara-handmade-crystal-vase,,,,,,,,,,,,,,,,,,https://cdn.shopify.com/s/files/1/0756/3359/0596/files/L1060452copia.jpg?v=1741359129,2,Asinara Handmade Crystal Vase — Green,,
asinara-handmade-crystal-vase,,,,,,,,,,,,,,,,,,https://cdn.shopify.com/s/files/1/0756/3359/0596/files/asinarapink_3b881e08-23ab-4113-8342-b981d407fe67.jpg?v=1741381813,3,Asinara Handmade Crystal Vase — Pink,,
asinara-handmade-crystal-vase,,,,,,,,,,,,,,,,,,https://cdn.shopify.com/s/files/1/0756/3359/0596/files/L1060668.jpg?v=1741381813,4,Asinara Handmade Crystal Vase — Pink,,
maestrale-hand-engraved-crystal-decanter,Maestrale Hand-Engraved Crystal Decanter,<p>Golden authority. The Maestrale in Amber is the most visually arresting piece in the Cristallo Barware Collection: the combination of the hand-engraved pattern and the depth of the amber crystal creates a vessel that seems to hold warmth itself. At the table it reads as a ceremonial object fill it w</p>,Studio Bojola,barware,"Amber, bottle, crystal",TRUE,Color,Amber,SB-MAESTRAL-AMB,shopify,12,deny,manual,500.00,,TRUE,TRUE,,,,https://cdn.shopify.com/s/files/1/0756/3359/0596/files/MaestraleAmbercrystalglassbottle-2.jpg?v=1738076540,active
maestrale-hand-engraved-crystal-decanter,,,,,,,Color,Clear,SB-MAESTRAL-CLE,shopify,12,deny,manual,500.00,,TRUE,TRUE,,,,https://cdn.shopify.com/s/files/1/0756/3359/0596/files/MaestraleClearcrystalglassbottle_f75049f0-dfe0-46c5-9696-7c886c7d3c6f.jpg?v=1738076276,
maestrale-hand-engraved-crystal-decanter,,,,,,,,,,,,,,,,,,https://cdn.shopify.com/s/files/1/0756/3359/0596/files/MaestraleAmbercrystalglassbottle-2.jpg?v=1738076540,1,Maestrale Hand-Engraved Crystal Decanter — Amber,,
maestrale-hand-engraved-crystal-decanter,,,,,,,,,,,,,,,,,,https://cdn.shopify.com/s/files/1/0756/3359/0596/files/ridotto2_2655c310-b1ba-4906-8946-75eb05ea190d.jpg?v=1738076540,2,Maestrale Hand-Engraved Crystal Decanter — Amber,,
maestrale-hand-engraved-crystal-decanter,,,,,,,,,,,,,,,,,,https://cdn.shopify.com/s/files/1/0756/3359/0596/files/MaestraleClearcrystalglassbottle_f75049f0-dfe0-46c5-9696-7c886c7d3c6f.jpg?v=1738076276,3,Maestrale Hand-Engraved Crystal Decanter — Clear,,
maestrale-hand-engraved-crystal-decanter,,,,,,,,,,,,,,,,,,https://cdn.shopify.com/s/files/1/0756/3359/0596/files/ridotto1_4eec791a-a578-4faf-90ba-b17bdf4b0092.jpg?v=1738076276,4,Maestrale Hand-Engraved Crystal Decanter — Clear,,
caprera-crystal-vase,Caprera Crystal Vase,"<p>Vertical, elemental, green. The Caprera Crystal Vase takes its name from the island off the coast of Sardinia densely vegetated, dramatically set against a brilliant sea. In botanical green, the vertical form of the Caprera reads like a standing figure: composed, self-contained, entirely present. Mo</p>",Studio Bojola,crystal vase,"Clear, crystal, Green, vases",TRUE,Color,Green,SB-CAPRERA--GRE,shopify,12,deny,manual,467.21,,TRUE,TRUE,,,,https://cdn.shopify.com/s/files/1/0756/3359/0596/files/CaptureOneCatalog0103.jpg?v=1741359239,active
caprera-crystal-vase,,,,,,,Color,Pink,SB-CAPRERA--PIN,shopify,12,deny,manual,368.85,,TRUE,TRUE,,,,https://cdn.shopify.com/s/files/1/0756/3359/0596/files/CaptureOneCatalog0049.jpg?v=1741357852,
caprera-crystal-vase,,,,,,,,,,,,,,,,,,https://cdn.shopify.com/s/files/1/0756/3359/0596/files/CaptureOneCatalog0103.jpg?v=1741359239,1,Caprera Crystal Vase — Green,,
caprera-crystal-vase,,,,,,,,,,,,,,,,,,https://cdn.shopify.com/s/files/1/0756/3359/0596/files/capreraverde4.jpg?v=1741359239,2,Caprera Crystal Vase — Green,,
caprera-crystal-vase,,,,,,,,,,,,,,,,,,https://cdn.shopify.com/s/files/1/0756/3359/0596/files/CaptureOneCatalog0049.jpg?v=1741357852,3,Caprera Crystal Vase — Pink,,
bosa-crystal-vase,Bosa Crystal Vase,"<p>Small in scale, complete in presence. The Bosa is a compact crystal vase designed with the same formal rigour as the larger pieces in the Cristallo Collection but proportioned for more intimate spaces: a bedside table, a windowsill, a carefully considered shelf. In clear crystal, its sculptural form</p>",Studio Bojola,crystal vase,"Clear, crystal, vases",TRUE,Color,Clear,SB-BOSA-CRY-CLE,shopify,12,deny,manual,204.92,,TRUE,TRUE,,,,https://cdn.shopify.com/s/files/1/0756/3359/0596/files/bosaclear_3ec9aefd-9e37-4209-9b71-6370afdadcbe.jpg?v=1741601958,active
bosa-crystal-vase,,,,,,,Color,Pink,SB-BOSA-CRY-PIN,shopify,12,deny,manual,204.92,,TRUE,TRUE,,,,https://cdn.shopify.com/s/files/1/0756/3359/0596/files/CaptureOneCatalog0042_dea5dd3e-d982-4df9-8ddb-b6e111ee77b2.jpg?v=1741357763,
bosa-crystal-vase,,,,,,,,,,,,,,,,,,https://cdn.shopify.com/s/files/1/0756/3359/0596/files/bosaclear_3ec9aefd-9e37-4209-9b71-6370afdadcbe.jpg?v=1741601958,1,Bosa Crystal Vase — Clear,,
bosa-crystal-vase,,,,,,,,,,,,,,,,,,https://cdn.shopify.com/s/files/1/0756/3359/0596/files/L1000273.jpg?v=1741601958,2,Bosa Crystal Vase — Clear,,
bosa-crystal-vase,,,,,,,,,,,,,,,,,,https://cdn.shopify.com/s/files/1/0756/3359/0596/files/CaptureOneCatalog0042_dea5dd3e-d982-4df9-8ddb-b6e111ee77b2.jpg?v=1741357763,3,Bosa Crystal Vase — Pink,,
bosa-crystal-vase,,,,,,,,,,,,,,,,,,https://cdn.shopify.com/s/files/1/0756/3359/0596/files/bosarosa4.jpg?v=1741357763,4,Bosa Crystal Vase — Pink,,
amalfi-crystal-vase,Amalfi Crystal Vase,"<p>Form without colour, pure and uncompromising. The Amalfi Crystal Vase in Clear is the same fluid silhouette as its coloured counterparts but here, the glass gives way entirely to light. Every refraction, every subtle surface movement is visible. Crafted from crystal the European standard for fine cr</p>",Studio Bojola,crystal vase,"Clear, crystal, vases",TRUE,Color,Clear,SB-AMALFI-C-CLE,shopify,12,deny,manual,680.33,850.41,TRUE,TRUE,,,,https://cdn.shopify.com/s/files/1/0756/3359/0596/files/Capture_One_Catalog0276_LR.jpg?v=1764931780,active
amalfi-crystal-vase,,,,,,,Color,Violet,SB-AMALFI-C-VIO,shopify,12,deny,manual,680.33,850.41,TRUE,TRUE,,,,https://cdn.shopify.com/s/files/1/0756/3359/0596/files/CaptureOneCatalog0120.jpg?v=1741359650,
amalfi-crystal-vase,,,,,,,,,,,,,,,,,,https://cdn.shopify.com/s/files/1/0756/3359/0596/files/Capture_One_Catalog0276_LR.jpg?v=1764931780,1,Amalfi Crystal Vase — Clear,,
amalfi-crystal-vase,,,,,,,,,,,,,,,,,,https://cdn.shopify.com/s/files/1/0756/3359/0596/files/StudioBojola_Deangelis_74.jpg?v=1764931780,2,Amalfi Crystal Vase — Clear,,
amalfi-crystal-vase,,,,,,,,,,,,,,,,,,https://cdn.shopify.com/s/files/1/0756/3359/0596/files/CaptureOneCatalog0120.jpg?v=1741359650,3,Amalfi Crystal Vase — Violet,,
amalfi-crystal-vase,,,,,,,,,,,,,,,,,,https://cdn.shopify.com/s/files/1/0756/3359/0596/files/amalfiviola2.jpg?v=1741359649,4,Amalfi Crystal Vase — Violet,,
cor-3,"Cor — Crystal Perfume Bottle, Green","<p>Deep and botanical. The Cor in Green is a saturated emerald a lead crystal perfume bottle whose colour has the quality of old glass in a church window or deep water above a reef: rich, luminous, completely absorbing. Handblown and engraved in the historic crystal workshops of Empoli, Tuscany, using </p>",Studio Bojola,crystal vase,,TRUE,Title,Default Title,SB-COR-3,shopify,8,deny,manual,409.84,,TRUE,TRUE,https://cdn.shopify.com/s/files/1/0756/3359/0596/files/L10007341.jpg?v=1748598535,1,"Cor — Crystal Perfume Bottle, Green",,active
cor-3,,,,,,,,,,,,,,,,,,https://cdn.shopify.com/s/files/1/0756/3359/0596/files/StudioBojola_Deangelis_46_fc16c565-df38-4b4b-b76b-fca3b06de5d2.jpg?v=1773418675,2,"Cor — Crystal Perfume Bottle, Green",,
cor-3,,,,,,,,,,,,,,,,,,https://cdn.shopify.com/s/files/1/0756/3359/0596/files/L10007591.jpg?v=1773418675,3,"Cor — Crystal Perfume Bottle, Green",,
cor-2,"Cor — Crystal Perfume Bottle, Blue Teal","<p>The Cor in Blue Teal is the most chromatic version of the collection a deep teal-green that saturates the lead crystal entirely, giving the object a density and visual weight that differs from the clearer versions. Under any light, the colour shifts: cool and oceanic in shade, vivid and botanical in</p>",Studio Bojola,crystal vase,new,TRUE,Title,Default Title,SB-COR-2,shopify,8,deny,manual,409.84,,TRUE,TRUE,https://cdn.shopify.com/s/files/1/0756/3359/0596/files/L10007381.jpg?v=1748598481,1,"Cor — Crystal Perfume Bottle, Blue Teal",,active
cor-2,,,,,,,,,,,,,,,,,,https://cdn.shopify.com/s/files/1/0756/3359/0596/files/L10007831.jpg?v=1749113313,2,"Cor — Crystal Perfume Bottle, Blue Teal",,
cor-2,,,,,,,,,,,,,,,,,,https://cdn.shopify.com/s/files/1/0756/3359/0596/files/L10007811.jpg?v=1749113313,3,"Cor — Crystal Perfume Bottle, Blue Teal",,
cor-1,"Cor — Crystal Perfume Bottle, Clear","<p>To lift Cor is to feel something unexpected: cold, dense, alive. The Cor perfume bottle in clear lead crystal is an oval form that fits precisely in two hands its weight deliberate the specific density of 24% lead crystal, the same standard as Baccarat and Waterford, is what makes Cor feel alive in </p>",Studio Bojola,crystal vase,,TRUE,Title,Default Title,SB-COR-1,shopify,8,deny,manual,344.26,,TRUE,TRUE,https://cdn.shopify.com/s/files/1/0756/3359/0596/files/L10007311.jpg?v=1748598433,1,"Cor — Crystal Perfume Bottle, Clear",,active
cor-1,,,,,,,,,,,,,,,,,,https://cdn.shopify.com/s/files/1/0756/3359/0596/files/StudioBojola_Deangelis_57.jpg?v=1773418797,2,"Cor — Crystal Perfume Bottle, Clear",,
cor-1,,,,,,,,,,,,,,,,,,https://cdn.shopify.com/s/files/1/0756/3359/0596/files/L10007711.jpg?v=1773418797,3,"Cor — Crystal Perfume Bottle, Clear",,
cor-copia,"Cor — Crystal Perfume Bottle, Fumèdor","<p>Fumèdor the colour of smoke softened by gold. In this tonality, the lead crystal of Cor shifts from clear precision to something warmer and more opaque: a glass that catches light without releasing it, that holds the depth of the colour inside the density of the material. The same oval form as all C</p>",Studio Bojola,crystal vase,,TRUE,Title,Default Title,SB-COR-COPIA,shopify,8,deny,manual,508.20,635.25,TRUE,TRUE,https://cdn.shopify.com/s/files/1/0756/3359/0596/files/L10007461.jpg?v=1748598335,1,"Cor — Crystal Perfume Bottle, Fumèdor",,active
cor-copia,,,,,,,,,,,,,,,,,,https://cdn.shopify.com/s/files/1/0756/3359/0596/files/L10007891.jpg?v=1749113694,2,"Cor — Crystal Perfume Bottle, Fumèdor",,
cor-copia,,,,,,,,,,,,,,,,,,https://cdn.shopify.com/s/files/1/0756/3359/0596/files/L10007881.jpg?v=1749113694,3,"Cor — Crystal Perfume Bottle, Fumèdor",,
cor,"Cor — Crystal Perfume Bottle, Amber","<p>Amber light held in crystal. The Cor in Amber is the warmest object in the collection the golden glass transforms the weight and tactility of the piece into something that feels both precious and organic, like holding a piece of fossilised resin cut to reveal its interior structure. The lead crystal</p>",Studio Bojola,crystal vase,,TRUE,Title,Default Title,SB-COR,shopify,8,deny,manual,409.84,,TRUE,TRUE,https://cdn.shopify.com/s/files/1/0756/3359/0596/files/L10007421.jpg?v=1748598010,1,"Cor — Crystal Perfume Bottle, Amber",,active
cor,,,,,,,,,,,,,,,,,,https://cdn.shopify.com/s/files/1/0756/3359/0596/files/StudioBojola_Deangelis_8_ecb67496-8e81-4a1e-9799-88aba7c42188.jpg?v=1773418750,2,"Cor — Crystal Perfume Bottle, Amber",,
cor,,,,,,,,,,,,,,,,,,https://cdn.shopify.com/s/files/1/0756/3359/0596/files/L10007781.jpg?v=1773418750,3,"Cor — Crystal Perfume Bottle, Amber",,
onna-clear-grande-amber,Onna Clear + Grande Amber — Crystal Table Lamp,"<p>The most commanding combination in the Onna series. The tall, vertically ribbed column of clear 24% lead crystal rises to meet a wide, slat-structured amber shade the contrast between the precise transparency of the base and the warm golden diffusion of the Grande Amber paralume defines the characte</p>",Studio Bojola,crystal lamps,"Amber, Clear, crystal, lamps, hot",TRUE,Title,Default Title,SB-ONNA-CLEAR,shopify,8,deny,manual,1295.08,,TRUE,TRUE,https://cdn.shopify.com/s/files/1/0756/3359/0596/files/CaptureOneCatalog0267.jpg?v=1741608644,1,Onna Clear + Grande Amber — Crystal Table Lamp,,active
onna-clear-grande-amber,,,,,,,,,,,,,,,,,,https://cdn.shopify.com/s/files/1/0756/3359/0596/files/StudioBojola_Deangelis_17-2_a09672c2-7376-4f92-934a-51d7ff92c0e4.jpg?v=1773421035,2,Onna Clear + Grande Amber — Crystal Table Lamp,,
onna-clear-grande-amber,,,,,,,,,,,,,,,,,,https://cdn.shopify.com/s/files/1/0756/3359/0596/files/ridotto3_bf6f73b9-e4b7-447d-9f79-8422ac98451b.jpg?v=1773421035,3,Onna Clear + Grande Amber — Crystal Table Lamp,,
nina-amber-nuvola-iced-clear,Nina Amber + Nuvola Iced Clear — Crystal Table Lamp,"<p>The most refined pairing in the Nina series. The warm amber column of the Nina base glows from within while the Nuvola Iced Clear globe above it diffuses the light into a soft, even sphere the frosted surface of the globe eliminating the visible bulb and replacing it with a luminous, lantern-like qu</p>",Studio Bojola,crystal lamps,"Amber, Clear, crystal, lamps",TRUE,Title,Default Title,SB-NINA-AMBER,shopify,8,deny,manual,815.57,,TRUE,TRUE,https://cdn.shopify.com/s/files/1/0756/3359/0596/files/CaptureOneCatalog0254.jpg?v=1741607739,1,Nina Amber + Nuvola Iced Clear — Crystal Table Lamp,,active
nina-amber-nuvola-iced-clear,,,,,,,,,,,,,,,,,,https://cdn.shopify.com/s/files/1/0756/3359/0596/files/StudioBojola_Deangelis_37-2_5cced86d-4b22-4752-bf6d-b1db78dc0408.jpg?v=1773420742,2,Nina Amber + Nuvola Iced Clear — Crystal Table Lamp,,
nina-amber-nuvola-iced-clear,,,,,,,,,,,,,,,,,,https://cdn.shopify.com/s/files/1/0756/3359/0596/files/ridotto1_70edc809-d18d-4fb5-b3ac-4b7a6cc90464.jpg?v=1773420742,3,Nina Amber + Nuvola Iced Clear — Crystal Table Lamp,,
onna-clear-nuvola-iced-clear,Onna Clear + Nuvola Iced Clear — Crystal Table Lamp,"<p>The calm version of the Onna. The Nuvola Iced Clear a hand-blown 24% lead crystal globe with a frosted surface diffuses light evenly and softly, eliminating the visible bulb and creating instead a luminous sphere that reads almost like a lantern. Against the precise, engraved vertical ribbing of the</p>",Studio Bojola,crystal lamps,"Clear, crystal, lamps, new",TRUE,Title,Default Title,SB-ONNA-CLEAR,shopify,8,deny,manual,983.61,,TRUE,TRUE,https://cdn.shopify.com/s/files/1/0756/3359/0596/files/CaptureOneCatalog0262.jpg?v=1741609152,1,Onna Clear + Nuvola Iced Clear — Crystal Table Lamp,,active
onna-clear-nuvola-iced-clear,,,,,,,,,,,,,,,,,,https://cdn.shopify.com/s/files/1/0756/3359/0596/files/StudioBojola_Deangelis_20.jpg?v=1773420959,2,Onna Clear + Nuvola Iced Clear — Crystal Table Lamp,,
onna-clear-nuvola-iced-clear,,,,,,,,,,,,,,,,,,https://cdn.shopify.com/s/files/1/0756/3359/0596/files/stillonnaclearnuvolaice_89b79146-4656-48c5-81b8-d020da83f7e0.jpg?v=1773420959,3,Onna Clear + Nuvola Iced Clear — Crystal Table Lamp,,
tello-clear-piccolo-clear,Tello Clear + Piccolo Clear — Crystal Table Lamp,"<p>Pure and architectural. The Tello Clear + Piccolo Clear is the most minimal combination in the entire collection every element in clear 24% lead crystal, the entire object transparent from base to shade, the light source fully visible through both layers of crystal simultaneously. At H 21.5 cm the s</p>",Studio Bojola,crystal lamps,"Clear, crystal, lamps",TRUE,Title,Default Title,SB-TELLO-CLEA,shopify,8,deny,manual,729.51,,TRUE,TRUE,https://cdn.shopify.com/s/files/1/0756/3359/0596/files/CaptureOneCatalog0233.jpg?v=1741618095,1,Tello Clear + Piccolo Clear — Crystal Table Lamp,,active
tello-clear-piccolo-clear,,,,,,,,,,,,,,,,,,https://cdn.shopify.com/s/files/1/0756/3359/0596/files/StudioBojola_Deangelis_1.jpg?v=1773421474,2,Tello Clear + Piccolo Clear — Crystal Table Lamp,,
tello-clear-piccolo-clear,,,,,,,,,,,,,,,,,,https://cdn.shopify.com/s/files/1/0756/3359/0596/files/ridotto2_13183474-b17c-40d2-a7e1-ffdd45644f2a.jpg?v=1773421474,3,Tello Clear + Piccolo Clear — Crystal Table Lamp,,
zefiro-glass-clear,"Zefiro Hand-Engraved Crystal Tumbler — Clear, Small","<p>The lightest of winds, made tangible. The Zefiro takes its name from the softest Mediterranean breeze and in clear crystal, small format, it embodies that quality: light, precise, clean. Hand-engraved in Italy, the Zefiro's pattern is worked into the surface with a delicacy that reads most clearly i</p>",Studio Bojola,barware,"Clear, crystal, glass",TRUE,Title,Default Title,SB-ZEFIRO-GLA,shopify,8,deny,manual,114.75,,TRUE,TRUE,https://cdn.shopify.com/s/files/1/0756/3359/0596/files/CaptureOneCatalog01951.jpg?v=1741619040,1,"Zefiro Hand-Engraved Crystal Tumbler — Clear, Small",,active
zefiro-glass-clear,,,,,,,,,,,,,,,,,,https://cdn.shopify.com/s/files/1/0756/3359/0596/files/StudioBojola_Deangelis_44_7748fe4d-0a92-4061-bd13-440be13c1e63.jpg?v=1773419260,2,"Zefiro Hand-Engraved Crystal Tumbler — Clear, Small",,
zefiro-glass-clear,,,,,,,,,,,,,,,,,,https://cdn.shopify.com/s/files/1/0756/3359/0596/files/CaptureOneCatalog0195.jpg?v=1773419260,3,"Zefiro Hand-Engraved Crystal Tumbler — Clear, Small",,
libeccio-glass-amber,"Libeccio Hand-Engraved Crystal Glass — Amber, Small","<p>Named for the southwest wind that brings warmth from the Sahara. The Libeccio in amber glass holds that quality a material warmth that comes through the hand and into the room. Hand-engraved in Italy. In the amber small format, the Libeccio reads as the most intimate of the barware pieces a glass fo</p>",Studio Bojola,barware,"Amber, crystal, glass",TRUE,Title,Default Title,SB-LIBECCIO-G,shopify,8,deny,manual,114.75,143.44,TRUE,TRUE,https://cdn.shopify.com/s/files/1/0756/3359/0596/files/CaptureOneCatalog0200.jpg?v=1741605591,1,"Libeccio Hand-Engraved Crystal Glass — Amber, Small",,active
libeccio-glass-amber,,,,,,,,,,,,,,,,,,https://cdn.shopify.com/s/files/1/0756/3359/0596/files/StudioBojola_Deangelis_27.jpg?v=1773419522,2,"Libeccio Hand-Engraved Crystal Glass — Amber, Small",,
libeccio-glass-amber,,,,,,,,,,,,,,,,,,https://cdn.shopify.com/s/files/1/0756/3359/0596/files/CaptureOneCatalog0199.jpg?v=1773419522,3,"Libeccio Hand-Engraved Crystal Glass — Amber, Small",,
grecale-glass-amber,"Grecale Hand-Engraved Crystal Glass — Amber, Small","<p>The warmth of amber crystal in the hand. The Grecale in amber brings a golden quality to the table the kind of warm, luminous transparency that makes an aperitivo feel like a ceremony. Hand-engraved in Italy, the amber colour is embedded in the glass during production, creating a depth that shifts w</p>",Studio Bojola,barware,"Amber, crystal, glass",TRUE,Title,Default Title,SB-GRECALE-GL,shopify,8,deny,manual,114.75,,TRUE,TRUE,https://cdn.shopify.com/s/files/1/0756/3359/0596/files/CaptureOneCatalog0204.jpg?v=1741605193,1,"Grecale Hand-Engraved Crystal Glass — Amber, Small",,active
grecale-glass-amber,,,,,,,,,,,,,,,,,,https://cdn.shopify.com/s/files/1/0756/3359/0596/files/StudioBojola_Deangelis_27_10cabe4e-5eb0-4a8c-8fe9-84ccd3fa68ee.jpg?v=1773419883,2,"Grecale Hand-Engraved Crystal Glass — Amber, Small",,
grecale-glass-amber,,,,,,,,,,,,,,,,,,https://cdn.shopify.com/s/files/1/0756/3359/0596/files/CaptureOneCatalog0205.jpg?v=1773419883,3,"Grecale Hand-Engraved Crystal Glass — Amber, Small",,
grecale-glass-clear,"Grecale Hand-Engraved Crystal Glass — Clear, Small","<p>The same rigour, a more intimate scale. The Grecale in clear crystal and small format is the everyday counterpart to the large version a glass you reach for when the occasion is quiet, the company close, the drink considered. Hand-engraved in Italy, the pattern on each piece carries the specific mar</p>",Studio Bojola,barware,"Clear, crystal, glass",TRUE,Title,Default Title,SB-GRECALE-GL,shopify,8,deny,manual,114.75,,TRUE,TRUE,https://cdn.shopify.com/s/files/1/0756/3359/0596/files/CaptureOneCatalog01931.jpg?v=1741605350,1,"Grecale Hand-Engraved Crystal Glass — Clear, Small",,active
grecale-glass-clear,,,,,,,,,,,,,,,,,,https://cdn.shopify.com/s/files/1/0756/3359/0596/files/StudioBojola_Deangelis_63_d05e7212-b594-4eef-ac5f-0d29d05b5f4c.jpg?v=1773419797,2,"Grecale Hand-Engraved Crystal Glass — Clear, Small",,
grecale-glass-clear,,,,,,,,,,,,,,,,,,https://cdn.shopify.com/s/files/1/0756/3359/0596/files/CaptureOneCatalog0193.jpg?v=1773419797,3,"Grecale Hand-Engraved Crystal Glass — Clear, Small",,
palmi-yellow,"Palmi — Hand-Blown Crystal Box, Yellow","<p>The quietest version of the Palmi and perhaps the most sophisticated. The Yellow base is a smoky, slightly cool tone that reads as neutral without being absent: it anchors the composition while letting the cap colour assert itself. In Yellow + Pink, the combination is graphic and contemporary the ma</p>",Studio Bojola,crystal boxes,"boxes, crystal, Yellow, new",TRUE,Title,Default Title,SB-PALMI-YELL,shopify,8,deny,manual,245.90,,TRUE,TRUE,https://cdn.shopify.com/s/files/1/0756/3359/0596/files/palmi_giallo.png?v=1764955095,1,"Palmi — Hand-Blown Crystal Box, Yellow",,active
palmi-yellow,,,,,,,,,,,,,,,,,,https://cdn.shopify.com/s/files/1/0756/3359/0596/files/GIUSTA_5ea7f9d5-e28c-4a1c-9ad0-a3ca42abdc60.png?v=1764955095,2,"Palmi — Hand-Blown Crystal Box, Yellow",,
palmi-yellow,,,,,,,,,,,,,,,,,,https://cdn.shopify.com/s/files/1/0756/3359/0596/files/L1040454.jpg?v=1764955095,3,"Palmi — Hand-Blown Crystal Box, Yellow",,
palmi-pink-yellow,"Palmi — Hand-Blown Crystal Box, Pink + Yellow","<p>The most romantic base in the Palmi series. The Pink is a luminous, soft blush that transforms the surface of the crystal entirely in natural light, it shifts from petal rose to warm champagne; in artificial light, it deepens toward a rich dusty rose. At 2 kg of pure crystal, the colour dissolves th</p>",Studio Bojola,crystal boxes,hot,TRUE,Title,Default Title,SB-PALMI-PINK,shopify,8,deny,manual,245.90,,TRUE,TRUE,https://cdn.shopify.com/s/files/1/0756/3359/0596/files/palmi_pink_yellow_e065e869-061a-4926-a1a6-13c127973d9d.png?v=1765030209,1,"Palmi — Hand-Blown Crystal Box, Pink + Yellow",,active
palmi-pink-yellow,,,,,,,,,,,,,,,,,,https://cdn.shopify.com/s/files/1/0756/3359/0596/files/GIUSTA_1367d075-e9a0-40a9-b77e-a3fe39a5ffa4.png?v=1765030209,2,"Palmi — Hand-Blown Crystal Box, Pink + Yellow",,
palmi-pink-yellow,,,,,,,,,,,,,,,,,,https://cdn.shopify.com/s/files/1/0756/3359/0596/files/L1040462.jpg?v=1765030209,3,"Palmi — Hand-Blown Crystal Box, Pink + Yellow",,
palmi-lilac-pink,"Palmi — Hand-Blown Crystal Box, Light Violet + Pink","<p>Warm and unexpected. The Palmi in Light Violet occupies the register between lavender and amethyst a tonality that shifts with the quality of light, never quite settling on a single hue. Against white walls it reads as pale and ethereal; against dark interiors it deepens toward plum. The Light Viole</p>",Studio Bojola,crystal boxes,"boxes, crystal, lilac+pink",TRUE,Title,Default Title,SB-PALMI-LILA,shopify,8,deny,manual,245.90,,TRUE,TRUE,https://cdn.shopify.com/s/files/1/0756/3359/0596/files/CaptureOneCatalog0130.jpg?v=1741615149,1,"Palmi — Hand-Blown Crystal Box, Light Violet + Pink",,active
palmi-lilac-pink,,,,,,,,,,,,,,,,,,https://cdn.shopify.com/s/files/1/0756/3359/0596/files/L1040447copia.jpg?v=1741615149,2,"Palmi — Hand-Blown Crystal Box, Light Violet + Pink",,
palmi-lilac-pink,,,,,,,,,,,,,,,,,,https://cdn.shopify.com/s/files/1/0756/3359/0596/files/L1040521.png?v=1741615149,3,"Palmi — Hand-Blown Crystal Box, Light Violet + Pink",,
palmi-green-clear,"Palmi — Hand-Blown Crystal Box, Green + Clear","<p>The most natural base in the Palmi series. The Green is a deep, botanical tone that transforms the surface of the crystal entirely in natural light, it shifts from sage to forest green; in artificial light, it deepens toward an almost mossy, velvety darkness. At 2 kg of pure crystal, the colour anch</p>",Studio Bojola,crystal boxes,"boxes, crystal, green+clear",TRUE,Title,Default Title,SB-PALMI-GREE,shopify,8,deny,manual,245.90,,TRUE,TRUE,https://cdn.shopify.com/s/files/1/0756/3359/0596/files/palmi_green_clear.png?v=1765034162,1,"Palmi — Hand-Blown Crystal Box, Green + Clear",,active
palmi-green-clear,,,,,,,,,,,,,,,,,,https://cdn.shopify.com/s/files/1/0756/3359/0596/files/L1040474.jpg?v=1765034162,2,"Palmi — Hand-Blown Crystal Box, Green + Clear",,
palmi-green-clear,,,,,,,,,,,,,,,,,,https://cdn.shopify.com/s/files/1/0756/3359/0596/files/L10407491_b456cd60-c199-4a77-a7bc-9f00702d975d.jpg?v=1765034162,3,"Palmi — Hand-Blown Crystal Box, Green + Clear",,
tirapugni-ring-1,"Tirapugni — Hand-Forged Crystal Knuckle Ring, Gold",<p>Worn across the hand like a fragment of the earth. The Tirapugni is a multi-finger knuckle ring one of the most radical pieces in the Lumina collection built from raw lead crystal shards hand-forged into a branching brass structure designed to span multiple fingers simultaneously. The shards are rem</p>,Studio Bojola,brass and crystal jewels,"Amber, Brass, Clear, crystal, Green, jewels, Yellow",TRUE,Title,Default Title,SB-TIRAPUGNI-,shopify,8,deny,manual,159.84,199.80,TRUE,TRUE,https://cdn.shopify.com/s/files/1/0756/3359/0596/files/L1000629_4ff9c808-509c-4d22-b7a8-d7f6de5e76e3.jpg?v=1743511773,1,"Tirapugni — Hand-Forged Crystal Knuckle Ring, Gold",,active
tirapugni-ring-1,,,,,,,,,,,,,,,,,,https://cdn.shopify.com/s/files/1/0756/3359/0596/files/L1080098_89e0eedc-a68c-4e8d-8a2c-eac8a1d4511e.jpg?v=1744973798,2,"Tirapugni — Hand-Forged Crystal Knuckle Ring, Gold",,
tirapugni-ring-1,,,,,,,,,,,,,,,,,,https://cdn.shopify.com/s/files/1/0756/3359/0596/files/L1080120.jpg?v=1744973798,3,"Tirapugni — Hand-Forged Crystal Knuckle Ring, Gold",,
pleiadi-ring,"Pleiadi — Hand-Forged Crystal Double-Band Ring, Gold","<p>Two bands, one object. The Pleiadi is structurally unlike anything else in the Lumina collection a double-band ring in which two parallel arches of gold-plated brass hold a cluster of raw lead crystal shards suspended between them, creating a three-dimensional architecture that sits on the finger ra</p>",Studio Bojola,brass and crystal jewels,"Amber, Brass, crystal, jewels, Pink, Violet",TRUE,Title,Default Title,SB-PLEIADI-RI,shopify,8,deny,manual,139.34,,TRUE,TRUE,https://cdn.shopify.com/s/files/1/0756/3359/0596/files/L10006351.jpg?v=1743513331,1,"Pleiadi — Hand-Forged Crystal Double-Band Ring, Gold",,active
pleiadi-ring,,,,,,,,,,,,,,,,,,https://cdn.shopify.com/s/files/1/0756/3359/0596/files/giusta4.jpg?v=1772200598,2,"Pleiadi — Hand-Forged Crystal Double-Band Ring, Gold",,
pleiadi-ring,,,,,,,,,,,,,,,,,,https://cdn.shopify.com/s/files/1/0756/3359/0596/files/giusta1_d649c6d2-381b-4a49-ab2b-7c522865450c.jpg?v=1743513396,3,"Pleiadi — Hand-Forged Crystal Double-Band Ring, Gold",,
costellazione-ring,"Costellazione — Hand-Forged Crystal Multi-Stone Ring, Rhodium","<p>The Costellazione in rhodium is the mineral version of the multi-stone ring the cool, precise plating pulls the focus entirely to the crystal shards, whose raw edges and colour depth read with maximum clarity against the silver-toned metal. · Materials: Lead crystal shards (2–3 stones), 0.15 micron </p>",Studio Bojola,brass and crystal jewels,"Brass, Clear, crystal, Green, jewels, turquoise, new",TRUE,Title,Default Title,SB-COSTELLAZI,shopify,8,deny,manual,90.16,,TRUE,TRUE,https://cdn.shopify.com/s/files/1/0756/3359/0596/files/L100064211.jpg?v=1743515178,1,"Costellazione — Hand-Forged Crystal Multi-Stone Ring, Rhodium",,active
costellazione-ring,,,,,,,,,,,,,,,,,,https://cdn.shopify.com/s/files/1/0756/3359/0596/files/giusta5_a0df8aa2-76e0-4a2a-96eb-986286dc43c9.jpg?v=1743515178,2,"Costellazione — Hand-Forged Crystal Multi-Stone Ring, Rhodium",,
costellazione-ring,,,,,,,,,,,,,,,,,,https://cdn.shopify.com/s/files/1/0756/3359/0596/files/giusta6_ec429592-5606-4456-b719-64cc4a6fc79c.jpg?v=1743515178,3,"Costellazione — Hand-Forged Crystal Multi-Stone Ring, Rhodium",,
anfora-n-1-ocra,ANFORA N.1 — OCRA,"<p>Amphora No. 1 speaks an ancient language. Handcrafted in Tuscany, its rounded body expands from a narrow base before gently tapering into the neck, framed by two curved handles that arch with quiet precision from the shoulders to the rim. The Ocra finish and its tactile surface evoke the warm, dense</p>",Studio Bojola,ceramic,,TRUE,Title,Default Title,SB-ANFORA-N-1,shopify,8,deny,manual,524.59,,TRUE,TRUE,https://cdn.shopify.com/s/files/1/0756/3359/0596/files/stillanforagialla.jpg?v=1782908244,1,ANFORA N.1 — OCRA,,active
anfora-n-1-ocra,,,,,,,,,,,,,,,,,,https://cdn.shopify.com/s/files/1/0756/3359/0596/files/L1010307copia.jpg?v=1782908245,2,ANFORA N.1 — OCRA,,
anfora-n-1-ocra,,,,,,,,,,,,,,,,,,https://cdn.shopify.com/s/files/1/0756/3359/0596/files/L1010134.jpg?v=1782908245,3,ANFORA N.1 — OCRA,,
anfora-n-3-vigneto,ANFORA N.3 — VIGNETO,"<p>Amphora No. 3 is the most monumental form in the collection. Taller and more elongated than its companions, its oval body narrows at the base and rises into a long neck, with two angular handles extending horizontally from the shoulders before turning upward—a distinctive detail that makes its silho</p>",Studio Bojola,ceramic,,TRUE,Title,Default Title,SB-ANFORA-N-3,shopify,8,deny,manual,672.13,,TRUE,TRUE,https://cdn.shopify.com/s/files/1/0756/3359/0596/files/stillanforavigneto.jpg?v=1782908325,1,ANFORA N.3 — VIGNETO,,active
anfora-n-3-vigneto,,,,,,,,,,,,,,,,,,https://cdn.shopify.com/s/files/1/0756/3359/0596/files/L1010307.jpg?v=1782908326,2,ANFORA N.3 — VIGNETO,,
mini-ostrica-profondo-blue-smaltata,"Mini Ostrica — Hand-Modelled Tuscan Ceramic Sculpture, Tide Blue Glazed","<p>The same shell form, a different relationship with light. The Mini Ostrica in tide blue glazed is finished with a glossy petrol-blue glaze rather than the matte patina of the other versions the fired glaze catching and reflecting light from the surface, turning the ceramic from a purely tactile obje</p>",Studio Bojola,objects,,TRUE,Title,Default Title,SB-MINI-OSTRI,shopify,8,deny,manual,479.51,,TRUE,TRUE,https://cdn.shopify.com/s/files/1/0756/3359/0596/files/Ceramiche0393.jpg?v=1749550694,1,"Mini Ostrica — Hand-Modelled Tuscan Ceramic Sculpture, Tide Blue Glazed",,active
mini-ostrica-profondo-blue-smaltata,,,,,,,,,,,,,,,,,,https://cdn.shopify.com/s/files/1/0756/3359/0596/files/1.png?v=1751533329,2,"Mini Ostrica — Hand-Modelled Tuscan Ceramic Sculpture, Tide Blue Glazed",,
mini-ostrica-profondo-blue-smaltata,,,,,,,,,,,,,,,,,,https://cdn.shopify.com/s/files/1/0756/3359/0596/files/Ceramiche0395.jpg?v=1751532146,3,"Mini Ostrica — Hand-Modelled Tuscan Ceramic Sculpture, Tide Blue Glazed",,
mini-ostrica-profondo-blue,"Mini Ostrica — Hand-Modelled Tuscan Ceramic Sculpture, Deep Blue","<p>A fragment of memory in ceramic form. The Mini Ostrica in deep blue is a hand-shaped ceramic sculpture whose shell-like form carries the texture of accumulated gesture every curve and raised relief is the direct trace of the maker's hand, fired and preserved. Created for La Pensione America, the Min</p>",Studio Bojola,objects,hot,TRUE,Title,Default Title,SB-MINI-OSTRI,shopify,8,deny,manual,479.51,,TRUE,TRUE,https://cdn.shopify.com/s/files/1/0756/3359/0596/files/Ceramiche0399.jpg?v=1749550312,1,"Mini Ostrica — Hand-Modelled Tuscan Ceramic Sculpture, Deep Blue",,active
mini-ostrica-profondo-blue,,,,,,,,,,,,,,,,,,https://cdn.shopify.com/s/files/1/0756/3359/0596/files/1.png?v=1751533329,2,"Mini Ostrica — Hand-Modelled Tuscan Ceramic Sculpture, Deep Blue",,
mini-ostrica-profondo-blue,,,,,,,,,,,,,,,,,,https://cdn.shopify.com/s/files/1/0756/3359/0596/files/Ceramiche0400.jpg?v=1751533136,3,"Mini Ostrica — Hand-Modelled Tuscan Ceramic Sculpture, Deep Blue",,
